{
  "project_info": {
    "project_number": "949914690448",
    "firebase_url": "https://credito-theloandoctor.firebaseio.com",
    "project_id": "credito-theloandoctor",
    "storage_bucket": "credito-theloandoctor.appspot.com"
  },
  "client": [
    {
      "client_info": {
        "mobilesdk_app_id": "1:949914690448:android:ed0863463db4be1caf4915",
        "android_client_info": {
          "package_name": "com.example.credito"
        }
      },
      "oauth_client": [
        {
          "client_id": "949914690448-bu8327eiaik1gjeha8v83jou9fbsh8gq.apps.googleusercontent.com",
          "client_type": 3
        }
      ],
      "api_key": [
        {
          "current_key": "AIzaSyB6pkV4-RIlu9Aqkg_b8NCCkZhV126H-40"
        }
      ],
      "services": {
        "appinvite_service": {
          "other_platform_oauth_client": [
            {
              "client_id": "949914690448-bu8327eiaik1gjeha8v83jou9fbsh8gq.apps.googleusercontent.com",
              "client_type": 3
            }
          ]
        }
      }
    }
  ],
  "configuration_version": "1"
}